P99-1008.xml,0.5996023225393438,0.35826888723302863,0.48914928369074073
J93-2003.xml,0.5465224058077511,0.36261673037726455,0.39348305027662855
W08-0336.xml,0.46802726634843783,0.3830340565790602,0.3709617083465395
N10-1119.xml,0.572362347975346,0.4213227712233486,0.40891712131072466
P04-3022.xml,0.5502777404649842,0.41478115559980333,0.34058326950324097
J06-3003.xml,0.549646937604982,0.36426492032854657,0.46456027889490464
W08-0309.xml,0.4080691642898637,0.34781852161015914,0.43438899038754114
P08-1114.xml,0.41108177225129267,0.3146625253865235,0.4384990523513282
P87-1033.xml,0.5091453226461928,0.37320209503556456,0.3870576462447235
J98-1006.xml,0.502178621033422,0.36204920756664266,0.3862949128937659
P06-2066.xml,0.4446898761014134,0.3418292223473453,0.3722786103870578
J02-3001.xml,0.4101609752966528,0.3893844651640878,0.38424936671899146
P02-1043.xml,0.5419890913351684,0.3226442749125801,0.3802801608331372
P95-1007.xml,0.44557299462126804,0.34302111261811097,0.44009945238787473
J93-2004.xml,0.5784496190359057,0.36168775811270715,0.4444395077427391
C00-1072.xml,0.4840685071308741,0.31390283003554426,0.40299606590958326
J05-4003.xml,0.5629933253492767,0.320656196040779,0.3405454985194324
J98-1001.xml,0.4467270866995788,0.42742124689733474,0.35921360520054185
P83-1007.xml,0.43502862918182145,0.3999926473705159,0.5030853489584587
P09-1068.xml,0.41341745151806336,0.36322729778240287,0.46063755890380775
N04-1043.xml,0.5532790922932291,0.4154897645537573,0.41845093040923614
C00-1044.xml,0.5472767338256757,0.4226692180038857,0.3842375419036433
P09-1057.xml,0.5712167769838394,0.3342933278722317,0.3895806387441368
P96-1021.xml,0.4595103630919866,0.38314138426881955,0.4444115558492701
P06-1084.xml,0.5015134118501235,0.3446286768324866,0.38478423196550177
C04-1041.xml,0.5649756118334266,0.401529784310932,0.3625653668797876
W11-1801.xml,0.42093119102088433,0.3459577334357974,0.4131049444236289
P91-1034.xml,0.5515916234711082,0.4030509543756689,0.37494340761001843
P05-1067.xml,0.4784358386810929,0.33226722438982736,0.48762069766841576
W09-0424.xml,0.4749099067395503,0.33611856031976173,0.4371388275429453
W04-0308.xml,0.5232953190026814,0.38048633997973325,0.49572094186788285
W07-2014.xml,0.5774316546656046,0.3001114153409568,0.4223205237244856
H91-1060.xml,0.5182344261180354,0.40803493859667567,0.3390261570650137
J10-3003.xml,0.4691503109383472,0.3882875128431818,0.3724142793260613
P06-1077.xml,0.5889812227376443,0.30738394995039675,0.46596493418887597
C04-1046.xml,0.45489914774066426,0.3428621604619001,0.48184097157135264
S12-1053.xml,0.5626900810418998,0.3335853611075231,0.4864855720173217
P02-1019.xml,0.585572317306703,0.40359600941634244,0.40372774677819484
W99-0613.xml,0.4515526908065296,0.36730649150726025,0.4131045538022115
W97-0322.xml,0.5309947631145404,0.3876136269725955,0.4098912690750727
P05-1033.xml,0.5290507729052367,0.3625788168628624,0.405770586348048
W07-0717.xml,0.5957172756740523,0.38294573594516085,0.4459252391037427
J04-1002.xml,0.5248431917389182,0.2903904540799436,0.41449300045427184
D09-1092.xml,0.4728859108070239,0.3726945940250785,0.4146394648905783
N07-1038.xml,0.5705570396730097,0.38211659399975517,0.3490731843668631
D10-1048.xml,0.5280401785992757,0.3642659222996911,0.4796118525719094
J04-1005.xml,0.5899826315606999,0.3939715503611781,0.4567746903681945
P05-1034.xml,0.5855584107481477,0.3107734896538723,0.40838896200806357
C08-1022.xml,0.5963162424301722,0.3522079455559298,0.3469658287606878
C02-1144.xml,0.41082678922841,0.33624460481779506,0.4950704154218112
J91-4003.xml,0.5759088912266924,0.41549281305004493,0.4769264261143557
P09-2012.xml,0.4422527346142066,0.3425707890890295,0.35767925477273255
P02-1017.xml,0.4155985789915918,0.335645742772269,0.501282397336505
N04-1021.xml,0.4357497168121275,0.3809536992637236,0.37584362827880974
W09-0441.xml,0.5370838532255232,0.2920836202840716,0.4935155416200727
W00-1427.xml,0.5304782275502753,0.4122511192200915,0.4697703944743926
W97-0313.xml,0.5660992851593069,0.4131883362816523,0.4935805825367926
E06-1043.xml,0.4957604804747333,0.402337230453477,0.47042961654007953
W97-0119.xml,0.4496069554981228,0.2912470604230202,0.38512317986589
P06-1015.xml,0.4514644470604251,0.2878476711196732,0.36688697525894093
J07-2003.xml,0.5748450392483783,0.4005818103435363,0.49963655097532134
N04-1019.xml,0.5782098100860448,0.405226930838464,0.3999298858530088
C04-1024.xml,0.5093534931602655,0.3383689411970409,0.3575181025020855
N03-1033.xml,0.43984712725480263,0.3429940997637469,0.40275982379267095
W99-0625.xml,0.4489825723734519,0.39043839849609946,0.3540022180735342
P95-1037.xml,0.4882067915136659,0.3567397027591403,0.3861419882513364
W03-1008.xml,0.5626242400879469,0.3272017278854926,0.3677297120885614
E06-1027.xml,0.5413051177246018,0.3942983895940285,0.45245760692190273
P05-1066.xml,0.5712994463488855,0.4108875748544447,0.4021279768218289
W97-0713.xml,0.44560267406706755,0.41289482091503005,0.41476487287592984
J90-1003.xml,0.5154305091639935,0.37185259513507785,0.4557383174790479
P96-1027.xml,0.5863518258357072,0.3532170588583026,0.43277069651246225
P05-1059.xml,0.5981008656885889,0.38257824573487365,0.3765929765786848
P10-1040.xml,0.49599661514044224,0.41426104810027164,0.4244730843178164
W07-2012.xml,0.4536335692951648,0.4255488261667636,0.405378678616228
N04-1042.xml,0.49387913957173163,0.3413717782674993,0.48208724854899254
J90-1004.xml,0.5978488694169584,0.28770395684578265,0.41192687946133943
P06-1085.xml,0.5365302578185798,0.4223177565041428,0.47634504126890465
P01-1064.xml,0.5074384238652024,0.324311191781765,0.39860332751343686
H05-1004.xml,0.5287124539060646,0.4153233842816601,0.43373368671840457
W98-1411.xml,0.4265577577742266,0.42743719423490373,0.41175311489284894
J93-2005.xml,0.47800116673894166,0.40966509978985255,0.3682088284896843
P05-1057.xml,0.5151451845097688,0.2889417343486782,0.41762115055592486
P02-1042.xml,0.41619829852544377,0.36929832628669856,0.4393572829151111
W07-2216.xml,0.507637564978279,0.30557315921402467,0.44062453055322587
W98-0705.xml,0.5130505339167416,0.39613816223884984,0.4544772395945986
D09-1005.xml,0.554568560513849,0.31978501947594723,0.45782375085100596
P09-1094.xml,0.5423522547578352,0.3439337167249293,0.42660614235921446
P06-2094.xml,0.463260527227467,0.339964373155932,0.3369397449512865
C94-1027.xml,0.5818929358426175,0.388090700798962,0.47379282455740185
W04-1013.xml,0.503868805107786,0.4053484644106725,0.4935427933599696
W04-1221.xml,0.4632566427909427,0.40491349388759956,0.4696341402526748
W03-1006.xml,0.41534810603427624,0.40458627244132006,0.3733032814188668
P88-1012.xml,0.4727717473058064,0.33521894798362867,0.49647909277451097
P09-1058.xml,0.434445911118709,0.35851728295860796,0.34676075877191215
E06-1011.xml,0.5241108992474104,0.33615571149205276,0.3445363098162637
J93-2002.xml,0.4416295768665726,0.36555181057218283,0.48839405729167196
W02-0603.xml,0.5164276729337836,0.32080786916954196,0.3524873766213124
P96-1011.xml,0.591378168298154,0.32573835575995286,0.4763782372494681
P88-1015.xml,0.5050588453411629,0.3180334779601539,0.47738961250669104
P08-1115.xml,0.40845819640867964,0.34270196557476645,0.4212832449933749
J08-1002.xml,0.547813089325571,0.28852430132990353,0.4535434381407256
D07-1103.xml,0.535871592211621,0.3155041812728181,0.47037199825753606
P06-1014.xml,0.4091490791150824,0.4226712678827963,0.39218438970056285
W09-1105.xml,0.543839968268398,0.3742287659521174,0.3999558362841208
D07-1104.xml,0.4537185221981893,0.3866578036519536,0.4000247257017232
P99-1065.xml,0.47423813745445964,0.36132320924697836,0.42628661267004514
N07-1030.xml,0.41457312481723735,0.3329721773760263,0.3432052230333971
C02-1145.xml,0.5255657609239759,0.30380843249235623,0.4694235989583577
W07-0718.xml,0.4142796813719984,0.3878434839151662,0.40804916446561074
P96-1042.xml,0.45853795964132116,0.3273733682022733,0.36541693983411777
E06-1042.xml,0.4418515189789927,0.38713437021566455,0.4606810899390549
W99-0623.xml,0.5253997403733344,0.34943331869317285,0.3802196143947774
W04-2609.xml,0.4548597751497626,0.2959385486492121,0.338069155999746
P84-1085.xml,0.5344825989653446,0.35294672215005096,0.4082981463320745
H05-1059.xml,0.40123181649172557,0.30916835362332373,0.3398970264874125
P01-1030.xml,0.40792382940187305,0.31905543335571973,0.44559713741316337
D09-1058.xml,0.5088299066719367,0.3516773923635813,0.38660640199025625
N03-1003.xml,0.5570144342939986,0.401409570431388,0.4125664624565002
C90-2067.xml,0.49070974723049376,0.3089824247347332,0.3698640885935692
H05-1066.xml,0.44154317780584146,0.41122431012985367,0.41926443065328256
N04-1016.xml,0.5294121051833413,0.28980365895826593,0.4128519453927483
P02-1018.xml,0.5117284173949945,0.2863384508795309,0.3816303489801117
P06-2005.xml,0.549872815724965,0.32144215134508203,0.3786922010723116
C94-1042.xml,0.4148433147294629,0.34273181828887617,0.4563793610970846
P01-1008.xml,0.44125358146494315,0.3989412924208084,0.461754190100827
W99-0612.xml,0.5316727880818464,0.39454949310019327,0.37369025625980185
W04-3208.xml,0.5142488930790343,0.401293456588422,0.44506241617342485
A97-1030.xml,0.5079260074608046,0.3191614902059744,0.46167032824600795
J05-1003.xml,0.5377496393883321,0.3671518689602502,0.4302694039509923
W08-1301.xml,0.5214633272476044,0.30778622791426463,0.385579453103283
P00-1037.xml,0.517575470386859,0.37418452969453514,0.45387880897924404
P11-2033.xml,0.596045100906347,0.4133551239047169,0.4826210338037703
E03-1076.xml,0.5348664683771569,0.32067438103557816,0.4552063926502464
W04-3237.xml,0.573674996515819,0.29518927561648906,0.34090801086168954
W95-0101.xml,0.46020836193184084,0.29376724696996764,0.4833576650391791
C92-2070.xml,0.49470986183804544,0.3683699017856724,0.42653318449338407
P04-1035.xml,0.473624669236402,0.30742446625174025,0.44328343334066916
C96-1055.xml,0.5299415415506428,0.39133612010561014,0.39422958621084236
J05-1004.xml,0.513259027791945,0.3233706440266985,0.4065141559176729
N06-1039.xml,0.45345538388735857,0.3808807057754883,0.4838785637248556
W04-3230.xml,0.40363474612210437,0.3178832617730208,0.364358409165737
E03-1071.xml,0.5938877321083762,0.3810092921919481,0.44787918072486227
N06-1006.xml,0.5864044617441014,0.4009577840291394,0.4074079785169981
N09-1028.xml,0.4909411606100282,0.3184267879434662,0.4187005466907293
D12-1050.xml,0.492574172813547,0.3880804362301861,0.4996509776689426
W04-3239.xml,0.4448863663634291,0.3825035282973571,0.4718739279924118
I05-3017.xml,0.5199228523871408,0.39385715319881787,0.41856937429804186
N01-1025.xml,0.4309809814564385,0.36011151024021215,0.4616066817019518
D07-1076.xml,0.5222926144624741,0.3504816062903406,0.4675821852783284
W04-3206.xml,0.5956352427114531,0.3218958423297957,0.3407499676988392
P03-1029.xml,0.5362808233704074,0.34229413192060615,0.3882378605494967
P03-1011.xml,0.5045844579710514,0.31264756790298476,0.3903658639895663
W06-1606.xml,0.4386416467767295,0.3117399758826003,0.4598565860097459
A94-1016.xml,0.42080987383685664,0.35755659749910107,0.48792518130595375
W04-3201.xml,0.4906691291183909,0.3935480230730508,0.35494506263995496
A97-1039.xml,0.527957113977697,0.35730261525083834,0.43970904382060655
D07-1071.xml,0.5720137377013809,0.303343564616719,0.48425593441556886
W06-1639.xml,0.5261838571847915,0.401614885216911,0.3501035510327535
P08-1067.xml,0.4477903073821134,0.32684764084369805,0.34136396773385663
J88-2003.xml,0.5577704801864705,0.3278679879808657,0.4900045759805586
W97-0802.xml,0.46746221504640806,0.33196372154063863,0.3563669299902131
W02-1001.xml,0.5666880052880863,0.40796745073001506,0.4149768581925757
P07-1040.xml,0.4561349433625408,0.320314333234747,0.43185604412342005
W02-2026.xml,0.5063401779410611,0.36814125885581517,0.4289184954020338
A97-1052.xml,0.4360517006554546,0.292539697531997,0.4833350788229024
P12-1092.xml,0.5228717331278395,0.3602810573748969,0.5010301048419648
W06-3105.xml,0.5008288841518183,0.29407745086590154,0.34227568340088843
A00-2031.xml,0.4719567211355846,0.4133854414195718,0.36805472743995477
A00-2009.xml,0.4629197265264591,0.32504774854062496,0.40766058682996553
J87-1004.xml,0.5042193808114909,0.3990826269652852,0.3941166417431885
D11-1014.xml,0.5067991561946784,0.3997238890788887,0.35337056213741547
W05-0909.xml,0.4876129533926243,0.3766771570991879,0.443900853936682
W02-1006.xml,0.4899717259164079,0.2935867657280159,0.4269778954221543
W04-3252.xml,0.5227752160916123,0.3292525548218401,0.3666347775890034
J04-4002.xml,0.5190425285824709,0.38668771617664144,0.3798302655769807
W02-1039.xml,0.479422308925731,0.4110325860954583,0.3388299777844292
J08-4003.xml,0.4547466951432737,0.401578498764412,0.40547278893046923
P06-3002.xml,0.490538264726668,0.3759945762805758,0.4324018789300286
P06-1103.xml,0.4998463167949629,0.30036196859977005,0.4865312963581692
P04-1061.xml,0.5942461155445123,0.41946872874902197,0.4987776724241369
S10-1011.xml,0.4831947390557607,0.3696921399196968,0.48837493576275215
N04-4026.xml,0.481162350196177,0.34329043022522704,0.48622720780207607
W99-0501.xml,0.4919089412473164,0.4170287576619115,0.41324697755765394
P06-1104.xml,0.5322103482634308,0.31860978866203993,0.35841092045325756
J91-1003.xml,0.5804606502777948,0.3483762094142423,0.4470931056933337
N10-1063.xml,0.44850481297049993,0.4043478499903531,0.36855248521081335
W03-0407.xml,0.5663688926393456,0.32810946742596864,0.47725362612532485
J08-4004.xml,0.5325932071013035,0.38033822656858196,0.4077292375757352
P86-1004.xml,0.5578298277141714,0.371687040595328,0.48939543170158567
P90-1032.xml,0.5626537766370414,0.3411899797145882,0.4119063422424818
P93-1022.xml,0.48913757279155,0.29012345331846523,0.46371833195794143
P07-1049.xml,0.4623048409620995,0.3586533910609944,0.5030948257356844
P04-1066.xml,0.5333898116275457,0.32915322038204725,0.3939300219283433
D08-1068.xml,0.4976235329319462,0.2894010369066793,0.4941815477306276
W04-2319.xml,0.48670579857637064,0.29818698364322926,0.3576207621568847
P04-1005.xml,0.5294226704557503,0.35480686872340944,0.45288490024856104
P93-1041.xml,0.580884260234943,0.40147172723895364,0.3479306527393468
W06-1607.xml,0.45672954740068594,0.3246543719284022,0.469121191057922
J93-3003.xml,0.5399227215038266,0.2966482251776811,0.5035937187969097
J94-4001.xml,0.5907737396613147,0.3701929807242361,0.4556117615107885
W08-2123.xml,0.4146298631868443,0.3293360849197586,0.35357756923512185
A00-1043.xml,0.5195904775035414,0.2982492537851366,0.4708959276360587
P03-1010.xml,0.5580412996731076,0.35012998164998616,0.46580377349518626
N01-1023.xml,0.46275233521351145,0.3683475107790265,0.33790870271128937
W01-0501.xml,0.4468743840566177,0.41543673862805125,0.4112832036611207
W04-0811.xml,0.5207624973203617,0.3951439578293617,0.4183131187245803
W00-1303.xml,0.5351721764382564,0.31212520242447034,0.4817931541914393
D07-1077.xml,0.57686080839588,0.4243256288640553,0.3945949786489923
W04-3207.xml,0.5192728009142735,0.33326233798265,0.45290454774402816
P08-2012.xml,0.5836688802329402,0.2882276078430821,0.4136031696194231
N01-1024.xml,0.5862249115321099,0.388578110005246,0.3678991546190654
P03-1021.xml,0.5031550130890721,0.3423017372698485,0.44472877829134627
D08-1059.xml,0.5829277168539743,0.3148282899354362,0.3478749635167867
W11-2103.xml,0.5399159821077653,0.33840180078930576,0.3437137297809979
D08-1092.xml,0.4367188930550029,0.3383106460540132,0.3826556291145329
C92-2082.xml,0.49166403586491164,0.30469733721395237,0.3657504366063998
C92-3150.xml,0.4993360910100832,0.36379247885609006,0.3506581789381973
W95-0107.xml,0.48558205542433835,0.3778144588138745,0.45455945533311365
I05-3027.xml,0.5575214659626417,0.33560309955453643,0.3760082177456405
W04-3236.xml,0.5639426533983574,0.3542031710347032,0.48484659836060995
P03-1019.xml,0.45855586618278943,0.3115470265242686,0.373678244733259
P08-1004.xml,0.5968544888103766,0.29784870737630453,0.47937290397147536
D08-1035.xml,0.48919631745895964,0.4253588217827587,0.4227205544288224
J91-1002.xml,0.45538994837052005,0.39927227682458094,0.3438258762790971
W07-0403.xml,0.5085435583171667,0.4058076475641979,0.449776674395469
P93-1023.xml,0.4692620888677668,0.3427955896568918,0.35800755505433546
P00-1065.xml,0.5241365388397663,0.3930714901034342,0.43991485005126146
C02-1054.xml,0.4497047472584796,0.31637567085428087,0.4815512683766817
W02-2016.xml,0.5707507594613839,0.3841856860643595,0.47084194533416424
P90-1034.xml,0.4472243114352004,0.31644971501369207,0.4719126023877973
P08-1068.xml,0.425901872622845,0.34978683170656333,0.4575991794782241
P93-1024.xml,0.49041305283794817,0.4015461521931188,0.4197487150203656
S10-1010.xml,0.46200326934650177,0.4129088145236717,0.48331291275857735
P06-1134.xml,0.5511276661334674,0.33522582013529895,0.4958296861832128
J87-1005.xml,0.46737222651348753,0.33776659929157676,0.4568961155304993
W04-3253.xml,0.5557044850972368,0.3570230611864982,0.4964222447531035
P97-1017.xml,0.5934086788852091,0.3527648861993203,0.38021082314507726
P09-1113.xml,0.4192898800573478,0.29881129759713226,0.3978617224310326
J07-3004.xml,0.5362923220324743,0.3187752496873997,0.5029418073351494
J03-3001.xml,0.43354510955552206,0.39502040771348507,0.42688787816267204
W98-1106.xml,0.500227961977835,0.3443452289442117,0.3742286541178329
P04-1056.xml,0.5316657144599073,0.4263720098900933,0.4386387356734088
C94-2174.xml,0.4223581167789555,0.38606768697046395,0.4411132106680572
P90-1005.xml,0.49931078147049834,0.3204782475588943,0.3797607047980582
P08-1066.xml,0.41979429751187625,0.3639942574679461,0.40058550969254325
W03-0430.xml,0.525119667992201,0.3914025045906472,0.49426238105510545
J04-4004.xml,0.5149865861043446,0.4008599053201598,0.3737088895124231
W02-2018.xml,0.5971622206954453,0.37408032939628766,0.4019852196687695
A00-2030.xml,0.5747287957436175,0.3418237532881036,0.49620345840069535
P03-1044.xml,0.5942825477524099,0.3854185106034147,0.4120294940496629
P03-2041.xml,0.4015231832498007,0.28995996396878426,0.4746642500372352
E03-1008.xml,0.47102809887832503,0.38505790509902726,0.4632923760166554
P89-1009.xml,0.5120317821512191,0.39387793537628263,0.49434992604279937
D08-1021.xml,0.5691960636783592,0.3370555534665691,0.34249002649528193
P11-1055.xml,0.43871383268572706,0.2880774719585768,0.43539838378486606
P93-1008.xml,0.5200240945387181,0.4121493194754875,0.4316088649240979
W06-3119.xml,0.5187610963313201,0.3951023313621823,0.4548467206658346
W02-1210.xml,0.5839184847408295,0.32600726058583035,0.4422634781964459
J92-1001.xml,0.5953778138648516,0.4087877562524021,0.48451905792342004
P08-1088.xml,0.5425872615803143,0.4220728320891405,0.3817300576741761
P97-1035.xml,0.5300176656009412,0.37087759390989156,0.39195456911175686
P08-1043.xml,0.4243349000021352,0.29417694878109724,0.5044435328902452
P89-1031.xml,0.4685874345307286,0.3672401743108482,0.43598899307072114
P00-1071.xml,0.40210078115867853,0.3938078102921465,0.480766968747086
J99-2004.xml,0.4682503993396241,0.29652557172550237,0.4653700539106215
P98-1012.xml,0.5947881921104006,0.3217736088799009,0.46508126846146275
P94-1013.xml,0.5169392171439406,0.3368266408926339,0.4820408279283068
N04-3012.xml,0.5764880646840159,0.3157418120011392,0.44003432027008804
C90-3044.xml,0.4506609833169201,0.36258379721408884,0.47711137804609954
C92-3126.xml,0.488397505471437,0.3474963732267137,0.40406575314081683
P97-1003.xml,0.5047474966012293,0.3482907434500558,0.4686668784046182
W04-3247.xml,0.4769425937712831,0.29050363670564516,0.4543760685903169
C04-1111.xml,0.45961143046066305,0.3014046546791639,0.34732566160505124
W04-2705.xml,0.496568524481381,0.32646743141220086,0.369171018855934
H93-1052.xml,0.5615562300373454,0.3302850880334292,0.4553785008618775
P93-1001.xml,0.43910409676253426,0.29696571664517296,0.38361906806953594
A00-2024.xml,0.465442769595558,0.3078264756738213,0.4773679550306188
J95-2002.xml,0.5289118813689173,0.3270814587398402,0.4006121680149709
W98-1115.xml,0.5495458388449811,0.3647834096367627,0.387753108467791
P07-1055.xml,0.476312596510832,0.4023220462910151,0.4725955752225585
P85-1008.xml,0.5084762939843142,0.34701694070332145,0.34033328054998946
P08-1086.xml,0.52594912226681,0.39858554598527174,0.4948693089626558
W03-1730.xml,0.41788596049064947,0.41806609926358856,0.4024306843959514
W03-0424.xml,0.558368227146458,0.3489460202332525,0.482821920739286
D11-1006.xml,0.4464386013001326,0.37853458296992265,0.4249094320667128
D10-1120.xml,0.4241741450515604,0.333725622301865,0.3566720615779581
D07-1090.xml,0.56852361439117,0.4227349641539658,0.4833536942906496
L08-1093.xml,0.5777359894676197,0.28902696336910705,0.3955354777860613
J97-4005.xml,0.4821071156800712,0.2935633991609321,0.476771547031956
W11-1902.xml,0.4350478258301854,0.3293874099723986,0.42879730788485626
J01-2002.xml,0.486481025319213,0.3710701438590876,0.4597223366398678
N01-1008.xml,0.4756615735273227,0.40898795979161656,0.3376813319904669
P03-1004.xml,0.5091835729035049,0.347536340439147,0.38773483259132624
N06-1025.xml,0.45331539107943425,0.3255797052795187,0.44815080698775867
P10-1142.xml,0.5994068321538927,0.41030585570464967,0.3789502526609696
N10-1013.xml,0.5099198692662485,0.3336224384894427,0.3529498911579135
W04-3213.xml,0.4088772052785796,0.42750780774797204,0.43307173596420995
W02-0505.xml,0.491938732299926,0.41424116399114963,0.4940751682444466
D07-1097.xml,0.42816121219402437,0.34936443250089605,0.4767067893949011
W09-1401.xml,0.5976435909260487,0.41465590447108563,0.3786985613463914
P03-1003.xml,0.46396387917593607,0.40221697087178865,0.41446569638976716
C10-1011.xml,0.5036735212614005,0.3941515352098589,0.47253637842661217
A97-1014.xml,0.568178702854564,0.33167207185427733,0.40037428256098784
N01-1006.xml,0.4607799440481565,0.4196912046437399,0.41597215465029763
P98-1046.xml,0.5252843850555888,0.3619651581213777,0.3486508626266891
P07-1030.xml,0.4470999534805841,0.32188046872405085,0.39769609869617034
P08-1028.xml,0.4817089128224611,0.3070070696321153,0.3509934247898778
P03-1035.xml,0.5008652167905725,0.332274605597144,0.38334171470159323
N06-2033.xml,0.5626431003256174,0.3125677055092061,0.45039974485908885
P04-1018.xml,0.5943013424318202,0.301055586393275,0.44446480770185276
P07-1037.xml,0.4183845271887596,0.37187382646017075,0.3720606385338295
C04-1180.xml,0.541112505089764,0.3312134483363489,0.3370312031538388
N06-1014.xml,0.5270636748273534,0.33033731453434645,0.3898296533970267
J02-1003.xml,0.536001400052001,0.4021304618896565,0.36879306879408524
J95-2003.xml,0.5569669732680375,0.4214674147813654,0.3670126945173196
P03-1051.xml,0.48007154385597084,0.30789813193367166,0.39764886698504476
J03-4004.xml,0.41764748623191994,0.2995314551391435,0.48824123718425005
H94-1046.xml,0.4763391219758808,0.36469891759431083,0.44292495207485877
P97-1005.xml,0.5128470179806264,0.3224775674067252,0.4701583680669849
W03-0425.xml,0.42355686795509945,0.4124943937104508,0.41847814388949933
J00-3003.xml,0.4312819353502012,0.3001970733306384,0.5046489248585645
P10-1110.xml,0.582522389788177,0.4006076893601982,0.3597946746299321
D07-1031.xml,0.49979629829174893,0.3328635785046399,0.44934157781875295
P00-1041.xml,0.5390293889686818,0.31192165825869367,0.49212452493775644
C94-2195.xml,0.5685882099746994,0.2861003790545862,0.4608929863793766
W02-0301.xml,0.46447295280079953,0.3276890158364536,0.4317580681531248
N07-4013.xml,0.5816200356160885,0.30015589610369126,0.36809996395593747
D08-1016.xml,0.5455018458522196,0.3827366743163274,0.3932604175465819
P90-1010.xml,0.5497921991535649,0.3832399279233495,0.4640749820729584
P06-2101.xml,0.4623621539464188,0.3133810072808943,0.4969329624792071
W97-1306.xml,0.41378422464105474,0.39352722201014656,0.3921649349296674
C90-3045.xml,0.5483041618845566,0.36475736816741783,0.374389579485514
P04-1043.xml,0.4577322530566164,0.41439913741888124,0.47916876998952923
P03-1056.xml,0.5973088620830318,0.30608540537629153,0.393539253516346
J03-4003.xml,0.5755953895504384,0.2879473408954003,0.48284384031573757
C92-1019.xml,0.5059042234125621,0.315153220320132,0.47566571083974407
P94-1012.xml,0.42019528235636927,0.3755690577231053,0.47538534086162537
P07-1098.xml,0.5710744079973895,0.36166975847364824,0.4573845272562786
D08-1011.xml,0.4648094833855812,0.333995098632083,0.4554736044631682
W02-0908.xml,0.4610654804110371,0.3210796138535969,0.4305715307811493
W10-2805.xml,0.5333211294205503,0.2981424339614899,0.4471242666505232
P06-1121.xml,0.4463039166585922,0.28921542511119464,0.4141608147824801
J00-3004.xml,0.4179773003911368,0.42468624232119817,0.49029233988272103
P03-1069.xml,0.4857168770816501,0.34536143908724093,0.4646730527132994
P04-1075.xml,0.42383330078201586,0.4162277214023309,0.5008656187660527
P11-1098.xml,0.4096542331433916,0.3505440675500056,0.36234293507197046
P07-1065.xml,0.5586048995416075,0.40839255859584134,0.4034709437965429
W05-1203.xml,0.40179512998959527,0.42299028931009847,0.34609619497274224
P98-1013.xml,0.42796524773128425,0.3610308009552027,0.45523621790793556
D08-1027.xml,0.553415799684963,0.3648167378648666,0.3694036004989877
H94-1048.xml,0.5936653153873308,0.3754857294538111,0.3548236358483033
P07-1091.xml,0.5437248016509248,0.33346093971451923,0.4061538261066068
E03-1009.xml,0.45765410850480376,0.42881869253969773,0.41343725812757165
W00-0403.xml,0.4052815712209563,0.29952650071155673,0.33697602960569156
W06-1670.xml,0.46800651837139806,0.4032287371922405,0.43445471410099723
C88-1016.xml,0.4546366475369001,0.4239950909350275,0.34401680443376936
P07-1096.xml,0.5277563332757731,0.3202258874305082,0.4677460720681173
N06-1041.xml,0.595078389947435,0.37506449485952076,0.4629813585463817
D07-1007.xml,0.5748818678520182,0.353287684353152,0.45022556899087735
P03-1058.xml,0.42235171800628457,0.37873680503841267,0.3995951023023671
P07-2045.xml,0.5347742771375368,0.32134196661306424,0.46258830794579364
D08-1020.xml,0.43310154601854955,0.3779361247763787,0.3732101459078985
J96-1002.xml,0.5111022776518241,0.41341672319448497,0.3959479093374625
W95-0115.xml,0.5300249131931789,0.4213805723134124,0.464407024689541
C96-1079.xml,0.47913772168417823,0.3343148705646997,0.4931250128282586
P07-1036.xml,0.40869254292276724,0.3126051468966283,0.40118871164331543
J02-1002.xml,0.45591974885340925,0.30336532591023524,0.4041509012401322
J98-3005.xml,0.44586514026710705,0.3311684179069264,0.3812896919865708
P07-1031.xml,0.4626533448038832,0.33904013180069015,0.3946349872173835
J86-3001.xml,0.48211556909961506,0.32961127565030734,0.4727596754401563
D09-1101.xml,0.4298187989899961,0.3654071440742731,0.497168316744416
J81-4003.xml,0.5598235649073691,0.31078647135412407,0.40483383511926196
D11-1062.xml,0.5220211877634784,0.34257327948401206,0.3906152893010943
P04-1021.xml,0.5095009921200098,0.4014147985460317,0.3377266539053942
W96-0102.xml,0.4355734452312583,0.42708876676918783,0.4378675165974477
P11-1038.xml,0.5599875142360278,0.4043143921235708,0.47893824856998113
J82-3004.xml,0.5512580594030388,0.3841189923864999,0.4755303460212523
N09-1003.xml,0.42553188610603576,0.36131366017372457,0.4239718873632054
P08-2007.xml,0.5997112384602681,0.3214356618972977,0.4559200680898596
P07-1007.xml,0.560551062849262,0.29336842394152984,0.348934854792723
D07-1096.xml,0.43585330370134456,0.36248046274431717,0.35717328679162164
J01-2004.xml,0.5663964608850082,0.35099021004397857,0.4304209857737063
W04-3212.xml,0.40442442130300243,0.3618531328655917,0.4608007298325643
W01-0514.xml,0.5232042783518057,0.32947775241953975,0.3434875434005846
D10-1119.xml,0.548354532206806,0.3081616914696323,0.43092240996606673
W06-1615.xml,0.40141713844729215,0.30681099354403274,0.47973889429497346
P03-1002.xml,0.48198640326656234,0.3235072734842808,0.4330627944259017
D07-1091.xml,0.4608425693008991,0.35876103822199523,0.4459417322817216
D08-1089.xml,0.48577158626078004,0.41211372086650044,0.4727621839562256
W04-0803.xml,0.54344023699492,0.3341436693044614,0.3945879372991431
W01-0513.xml,0.447299201807897,0.368579344093376,0.4553469220851255
W07-0734.xml,0.5652836196363524,0.3975497118979676,0.3959580382472616
W10-3001.xml,0.47794092358202883,0.3248882493345246,0.4159725376838546
N04-1033.xml,0.45822778703184264,0.38336508456245655,0.4917604433816447
N03-1026.xml,0.5088262453983705,0.4237541686717994,0.3626635074565889
P05-1010.xml,0.4113526072167066,0.3486765453682189,0.4100143911401275
E06-1051.xml,0.4297285019179092,0.3069836021542025,0.48198069474459315
W97-0301.xml,0.5718790334239903,0.36875584311143694,0.38768242579617485
C88-2121.xml,0.44837677154628564,0.38699593770827323,0.4712113636885692
H05-1043.xml,0.44882432383776555,0.3126472351085308,0.4757556165084187
P09-1027.xml,0.520975926661717,0.3855571847598782,0.4016026142457662
P05-2008.xml,0.5230871410879984,0.38443762600951764,0.3824075846574342
N07-1023.xml,0.5601773688032315,0.32787747996660127,0.4522439821907823
H05-1044.xml,0.41838305644153373,0.3563743711424151,0.3886348903736557
P06-1038.xml,0.5992339709264953,0.2922213711590219,0.4539584534145087
W00-0726.xml,0.599396927751467,0.3426883404136386,0.44900935560395183
N03-1021.xml,0.5845986153719174,0.3347319107242988,0.4605482834272048
P05-1017.xml,0.5471741173671392,0.4075110845017692,0.34827806879823275
W11-0705.xml,0.4231966582821417,0.3565843953581348,0.4270757741208978
W07-0733.xml,0.538963002863698,0.41418941606330273,0.4453180567616154
W06-2915.xml,0.49509889859882267,0.38245044934234934,0.48558619112505474
P99-1071.xml,0.5241760709045612,0.3942434137016113,0.45204053314438364
J00-2004.xml,0.47082970457145845,0.384168436927511,0.42980348899073406
N03-1017.xml,0.5327905531743469,0.38479296040935185,0.3788895244964392
J03-1005.xml,0.45741966262477474,0.4267807123183124,0.4874748107335668
P02-1034.xml,0.49767360316753806,0.42148683461869185,0.46746283348954276
M95-1005.xml,0.4804525015800547,0.3596539967470577,0.499951437120151
H91-1026.xml,0.47299550769302645,0.33728244500607835,0.4743998784012916
N03-1028.xml,0.46731267386179504,0.30626573956180386,0.43814757739841215
P02-1033.xml,0.5184455513902231,0.3511307950774286,0.34024575422026326
W07-0702.xml,0.4401078668077503,0.4108406099075374,0.40084672241115116
J03-1002.xml,0.4511623154463196,0.4279849830079805,0.5020745424568738
W00-0717.xml,0.44626325972506714,0.3792609864683394,0.4859095112180084
P06-1009.xml,0.42392652554603255,0.3339592811778609,0.40011871962974155
P09-1011.xml,0.44908688100712063,0.35228794399038776,0.47127243948689
A92-1021.xml,0.428275359725503,0.33895602370551503,0.4065115931900183
C88-2128.xml,0.43484031998883754,0.3178027848417949,0.42497851452033475
J98-2002.xml,0.5401770101474955,0.368457535420108,0.3514880455044082
J97-1002.xml,0.5418056189131223,0.40844727863693736,0.46065213587676146
P99-1014.xml,0.5240400340561565,0.3265915559040674,0.4540136243966436
J93-1007.xml,0.4485047468622401,0.3434771636495811,0.39975709566532547
W00-1201.xml,0.5915013363295885,0.4108812357715253,0.4723387140181619
N12-1067.xml,0.45103234691595984,0.32040376203427406,0.4503797358204636
H05-1021.xml,0.5768244385860207,0.3022336239838155,0.3932594414117044
P05-1072.xml,0.5651219107463632,0.3979786522230869,0.4715443935557006
P08-1108.xml,0.5451431191736369,0.3320555828387969,0.4341248726766341
J97-1005.xml,0.44915915878090035,0.4119395309210472,0.3921426420857568
J10-4006.xml,0.4855135997173464,0.4273116938538092,0.4807352029950662
P09-1042.xml,0.586461141304992,0.38017283548486014,0.35723985250454915
P06-1091.xml,0.44003995811912944,0.3344138873793177,0.35246362474060056
W07-2006.xml,0.534270258935475,0.42298151648777726,0.39911643175471734
E09-1013.xml,0.4006402474559456,0.3249498810989523,0.4159528345747804
P02-1060.xml,0.4654274767111942,0.32636736212466,0.4813799420040378
P91-1017.xml,0.405465151100107,0.363473643295722,0.42517139035993157
P07-1121.xml,0.5603186977517971,0.304869692583414,0.3932483014390543
P09-1074.xml,0.5593678168983646,0.35849805217530667,0.339322023529854
E06-1002.xml,0.4429748354716044,0.41086542758049593,0.46949948200714486
H05-1010.xml,0.541999525172018,0.35616588392772874,0.4373083474654865
J01-3003.xml,0.48591258145241384,0.37771781584903247,0.46645460485458023
W03-0301.xml,0.532654004392191,0.35635297843120634,0.4132579992864774
P08-1101.xml,0.5111365756117991,0.4240112425249589,0.4427458189270196
W05-0602.xml,0.5037211473651866,0.38983657842147984,0.3759543351160968
W02-1503.xml,0.4228815175693664,0.4184880922761297,0.41458927863983563
P98-2177.xml,0.5066244274949827,0.3596091987126578,0.4196425788790361
J94-2003.xml,0.4489852092239853,0.28731536913519845,0.48209013949156243
P02-1051.xml,0.4659138630130061,0.4011868656793378,0.48593378854852876
P05-1044.xml,0.5714631980925023,0.33881077582073615,0.4985338007948845
E06-1005.xml,0.5974520417329752,0.31285849275561833,0.4428981154433325
E99-1010.xml,0.525962986590903,0.30319457317883164,0.35552271393438867
J03-1003.xml,0.413636893761501,0.3007189986086388,0.40500655191009405
D11-1129.xml,0.581155261219412,0.33092705035893855,0.45105686910267667
C10-1152.xml,0.5562386208695762,0.41180940575103453,0.4772259136582282
W94-0319.xml,0.44336321902134995,0.3052838973874409,0.3643712398244875
P05-1018.xml,0.4664691532384163,0.35194360887649667,0.49582161722811846
P10-1001.xml,0.4654532066930454,0.3303488747638895,0.35309351305154296
P99-1041.xml,0.5742011294954066,0.3334738384360199,0.45024259661342275
W09-1119.xml,0.5243353619977353,0.29308187317429374,0.39446260931576926
P09-1010.xml,0.49927075941788845,0.37294347645574727,0.36830504714748563
P02-1035.xml,0.5388998532034399,0.3742097209733923,0.428753171275087
A92-1018.xml,0.40584622807251786,0.3436483031881685,0.4978637495045005
P05-1020.xml,0.49572691510184186,0.3113333675989222,0.43417395709312817
N03-1016.xml,0.558846088587131,0.31885268785688436,0.3597358569264655
H05-1073.xml,0.5467112038841102,0.30978747293730435,0.5018888858950034
A88-1019.xml,0.5449398413019915,0.3337223158963402,0.4578140105312417
D09-1086.xml,0.5132650948059657,0.42260971004072967,0.3601724694198002
P01-1025.xml,0.5818908348653618,0.3363156034521116,0.3741713372157609
W06-2922.xml,0.4558858668365123,0.3765105475977801,0.4289062665688695
N04-1035.xml,0.43512659614857213,0.4172688766917499,0.42617546681127105
J92-4007.xml,0.4828742032702125,0.3695858253928198,0.3604692574729911
H05-1045.xml,0.5414713383741915,0.3552761749838688,0.3894768392298328
N03-1020.xml,0.40580698430753837,0.3234215237282414,0.37759723102574305
C02-1150.xml,0.4608133884565646,0.38313507878047814,0.44181542266367335
D07-1111.xml,0.4429276344184598,0.3745648700108595,0.47400532964878495
P05-1011.xml,0.4730728548561822,0.3525785832336624,0.34576707431688175
P99-1048.xml,0.40803919659689797,0.3631061773510683,0.48092413276016044
W02-0817.xml,0.45776091058808493,0.3997584953157969,0.3591245796963499
P09-1019.xml,0.5007915206959548,0.3464951653191579,0.35885758442872595
P09-1026.xml,0.43576412447246793,0.3166458143676644,0.3886564009319302
P84-1008.xml,0.4694084643416302,0.30973495009079227,0.3462834926206336
P06-1055.xml,0.4319403055991505,0.3818044604975567,0.3695047327087826
W02-1502.xml,0.5043094556547012,0.3533148457848442,0.4819101471450447
P98-2182.xml,0.4611485628104507,0.3747554461857961,0.40998044056833804
C08-1098.xml,0.4501015374590878,0.4067591440541146,0.45515295104461795
W07-2009.xml,0.5558818427778422,0.3050959132586805,0.40268789104520347
W03-1014.xml,0.49791042853391704,0.3495477178914884,0.40668815011294646
P05-1045.xml,0.4127743037276377,0.29809577487216304,0.3646856301750577
W10-1703.xml,0.5399808404573982,0.34637583245117165,0.4445752957958975
P02-1050.xml,0.543128881934064,0.38916504263240503,0.41160555258209836
D10-1001.xml,0.43346898986013993,0.37101081419784754,0.3736970039851802
N07-1071.xml,0.5428566517730335,0.3229569508412349,0.3714645614170572
C94-1032.xml,0.42394218682059587,0.3510966855190766,0.44567264910436766
C96-2183.xml,0.5352180338025458,0.35706095135021765,0.49919032045847234
J02-4002.xml,0.5558742307713804,0.3863935293639367,0.3748406314664192
W09-0401.xml,0.4042840522117239,0.3366135596090456,0.4067510999554303
W03-1810.xml,0.4371659515972818,0.3158030172298105,0.4346690199774957
H05-1011.xml,0.44937115441179803,0.4031804642120652,0.4829960611263701
N07-1047.xml,0.458487149230682,0.4178743761201542,0.33834176833157154
P10-1052.xml,0.4447681974049147,0.39723549394829644,0.42265851482533584
J98-2004.xml,0.4663097651695507,0.3330927672621353,0.39671274283158453
D09-1026.xml,0.404697616047362,0.37557630587565827,0.45701156006007065
J93-1001.xml,0.47079084789801684,0.40392603301719804,0.4765751147055475
P05-1074.xml,0.43947562245943544,0.3653678142757948,0.4005717310515089
C96-2141.xml,0.4090482974745996,0.3975357716745167,0.3969534552393545
P09-1088.xml,0.5918741575884128,0.3710519927035978,0.4195217246837064
P91-1027.xml,0.41318358067431427,0.34319078658531815,0.46217626678785617
J97-1003.xml,0.41514411044384103,0.40582666516885624,0.4754589199404976
P92-1008.xml,0.4856206354812661,0.3462373000717261,0.4828836696104886
D11-1142.xml,0.4703933654138531,0.3298911588989964,0.45285747746354776
P06-1097.xml,0.42953268041646997,0.36155548242991653,0.3922649956665194
E06-1032.xml,0.5859015918388089,0.3145590980487644,0.4048406227229516
P08-1109.xml,0.5003550269288012,0.29602879436379903,0.3811016655296447
P13-1045.xml,0.43255669577288247,0.3984432958058338,0.4937340017788456
P05-1073.xml,0.5229028575097383,0.38726234375752044,0.44348192976785256
J93-1006.xml,0.5916702314727795,0.2935616047142161,0.4402988138474109
W10-2903.xml,0.4694786571163115,0.4287340905414403,0.4133257099990722
J99-4004.xml,0.5694926948070641,0.3487088911008208,0.35293557691841104
N04-1014.xml,0.45300143790367164,0.3967976268019474,0.4168867533263579
P02-1022.xml,0.5877580785764003,0.40362538121127434,0.45592249337058366
W09-1304.xml,0.5936915116730936,0.4086506915524338,0.5038079547158165
J00-1004.xml,0.4309545923627688,0.3381273821389633,0.47473720332294045
W06-2932.xml,0.5636993909484724,0.3722245636439385,0.4742660639182951
P99-1069.xml,0.4500818378389171,0.30731876139703074,0.4895430784405793
N04-1013.xml,0.4805082124190484,0.31299018962340813,0.36839915545264
N03-2021.xml,0.43414842832233086,0.3748323115507679,0.48276484803199393
D07-1101.xml,0.5757793068053292,0.384397952991153,0.37791048011178136
P98-1112.xml,0.555394177728618,0.3919305879874586,0.49321079323729267
W04-2401.xml,0.5827599402850885,0.3593849839930263,0.4531151328309245
N03-1030.xml,0.521358031537589,0.2997996293840833,0.4941472402192507
W07-1604.xml,0.5586868283165396,0.41392753379135583,0.48012073502503466
C86-1045.xml,0.4220328206747993,0.29465510258278926,0.5020524693404245
N04-1025.xml,0.47858914503808325,0.359132918131464,0.3753760364361538
W04-2406.xml,0.47261225613600866,0.3422722922079565,0.40578074730406166
A92-1006.xml,0.49895430679106056,0.42064403396744027,0.379112431336429
P99-1067.xml,0.5063167215950191,0.3037286439886827,0.4181961991798524
P06-1011.xml,0.5572251915167749,0.3529761767618197,0.4831526912207254
D09-1098.xml,0.5062398358173539,0.40658291845656536,0.3887161270343974
P02-1014.xml,0.5865011767660188,0.32850353461824644,0.38323607047291774
N04-1022.xml,0.4706094706738143,0.4286214998829273,0.3765615196965936
P95-1050.xml,0.5927147906861814,0.3611473197144458,0.4778497484454832
W00-0730.xml,0.5954149662690089,0.2982665804615979,0.412619195041497
E06-1040.xml,0.4586786132487258,0.42223888804362797,0.3873214379816388
P05-1001.xml,0.404569069299503,0.303385268709958,0.472089705818467
P02-1040.xml,0.43700504750362795,0.39851450388093235,0.35513291473787595
C86-1016.xml,0.556398519638466,0.3417630845569023,0.36537155101860125
C04-1080.xml,0.40733027122425564,0.33517714074406674,0.4049308746696947
P84-1018.xml,0.4164187662970573,0.4131072137595405,0.42449818271923323
H92-1045.xml,0.4906557315789864,0.4023570648879055,0.3844279804595807
P05-1052.xml,0.5554262250415918,0.3170904437314566,0.4512425458145993
N12-1047.xml,0.4473598056254164,0.30213179556323777,0.4641430186686487
P02-1047.xml,0.5762082174871946,0.402970783574014,0.3402867944005759
C02-1114.xml,0.4021612198061279,0.4069634569732182,0.48327513072061434
C04-1073.xml,0.4208788829095882,0.3357061540045551,0.47670704023942584
E06-1025.xml,0.43703280660598776,0.3710098096100687,0.4556759350128192
W06-2501.xml,0.5782452737775597,0.3570091678713819,0.4848134067587201
P91-1030.xml,0.41230312658400103,0.2878231155247895,0.4360872944165244
P07-1106.xml,0.4441819796511742,0.42106321557661996,0.4536076428462238
W03-1809.xml,0.5457340687475605,0.4189370358543487,0.4879319642005424
P96-1025.xml,0.45285616457401845,0.3845523818009305,0.3377400911223629
E09-1005.xml,0.4222496475373315,0.41974944411064485,0.468161404051773
P08-1119.xml,0.40510394927751764,0.37799915123452243,0.47398971113237093
H01-1035.xml,0.5931886052338387,0.42404846880688263,0.34876386312261143
W05-0625.xml,0.46321369117656325,0.3345459423457924,0.3988733177754173
W11-1802.xml,0.5227469296264415,0.34539743028192615,0.37005055223487926
P06-1010.xml,0.468895131008319,0.3733255291303903,0.4901183244545412
W04-2407.xml,0.4544998534856004,0.33150180095879317,0.4341346963943005
P01-1005.xml,0.5663697514223747,0.3109767178909436,0.3762195387893918
P96-1041.xml,0.5501743151413934,0.42432560237910244,0.44009337173625684
H05-1053.xml,0.531254492193518,0.33426096807069955,0.4491160576774461
P99-1059.xml,0.5636786144571939,0.3520999151451605,0.4941597312894047
W97-0311.xml,0.560392725371718,0.42316857954598863,0.46256694297010026
W10-0204.xml,0.5456082833581396,0.41816964351840913,0.3438851259470969
N04-1023.xml,0.48697326231026394,0.348834344208822,0.4567771067072992
J95-4004.xml,0.519625963044907,0.36898959267077636,0.46890129772469863
J96-3004.xml,0.5897443411356816,0.29077212835743854,0.4573562041670067
D10-1044.xml,0.5637809318193983,0.42816250364358954,0.48062879183104434
J08-1001.xml,0.5491602100812013,0.31888988746129165,0.44927709885807376
W08-0509.xml,0.40178912256214055,0.34697290034003125,0.4195590520284893
P84-1075.xml,0.5423976940702614,0.3615615462007429,0.4920321706487846
C04-1010.xml,0.4255977471378188,0.2978777016144378,0.3536159237492547
P06-2006.xml,0.49026664801375824,0.34047093901193537,0.39466134377563045
C08-1018.xml,0.5941823902209402,0.3261855975797251,0.40999381598421075
W06-2933.xml,0.4503414026500672,0.3675987408307317,0.37900631921916733
P09-1039.xml,0.4549317513501817,0.3848382030667981,0.4730583534383692
W99-0611.xml,0.45987185604861003,0.3847686270620629,0.3822976276305837
P99-1068.xml,0.48898972514329603,0.40874131376509004,0.4732567482108593
D07-1109.xml,0.40913991457126075,0.4205555037952209,0.40732692892851424
W07-1401.xml,0.44631387072998185,0.353697544011409,0.34382541843619485
E87-1002.xml,0.5353940504744613,0.30042753293989216,0.5000497071879485
H92-1026.xml,0.47805185400557676,0.3901355689529096,0.35910088014529135
M95-1012.xml,0.5467406123035948,0.33887317334993733,0.4005755707313128
W99-0629.xml,0.5860084304451989,0.31689708688539037,0.35337493683174404
J99-4005.xml,0.5619097637685921,0.3534800845371363,0.4936472833896362
J80-3003.xml,0.4827768894974605,0.37452789293382366,0.47863457846423413
W06-3812.xml,0.40230780441954556,0.30328078950797194,0.4056522590730604
P05-1036.xml,0.44654336081004986,0.3040315332578422,0.4549705421891334
C94-1079.xml,0.4870717741645099,0.3762237087706944,0.4282223308501347
E99-1001.xml,0.5508709447218985,0.32154448255711227,0.5000944668398973
H05-1091.xml,0.5222165992804981,0.3779284858636669,0.46570206688340354
N04-1015.xml,0.4275230824577888,0.4072445418664901,0.4434800456830544
N04-1041.xml,0.4050206626041382,0.29411614539814,0.49286146259750074
P99-1004.xml,0.5270137525907299,0.3112067737502884,0.48948453481011
P06-1072.xml,0.5855683149819081,0.30654808698366365,0.3870979059577179
N10-1115.xml,0.4726236897708108,0.3000489491878081,0.49158633509520766
P10-1044.xml,0.5564723944971869,0.31412263962049525,0.4787311645161474
D09-1030.xml,0.5947491914877657,0.4070289269660511,0.465300313022423
N07-1051.xml,0.517197122057278,0.40070150277811495,0.41407949501652763
P01-1067.xml,0.41814165995509855,0.33727141857485154,0.4618046679159399
P95-1034.xml,0.4872174346039285,0.3211038871858645,0.4653063051703251
W07-2016.xml,0.4193037140150036,0.42538505512274405,0.3692496698988113
P05-1065.xml,0.5309425845275764,0.33992000859656457,0.4817117418512734
P88-1020.xml,0.5839080375134451,0.3003070888119348,0.42114886617363567
P07-1107.xml,0.5545526099419782,0.38539480994634867,0.3848835388872929
P96-1024.xml,0.44959759458615567,0.37361552250664287,0.4531855079544851
P11-1138.xml,0.5033706509942663,0.38624869237105147,0.49407553125269754
P02-1046.xml,0.40390104720951187,0.39025684560214813,0.45299929020962776
P05-1053.xml,0.5523416060121406,0.3166695750013184,0.400574100537128
P92-1017.xml,0.5496164692993852,0.2916950475132593,0.3524814445338963
H05-2018.xml,0.5887157688370871,0.30857083050230016,0.3500699522083134
C04-1072.xml,0.4981239000107547,0.37817043408480455,0.46686348243379294
P06-1043.xml,0.5333849590574394,0.3861037475718145,0.41144546768524665
D09-1001.xml,0.5282123003942146,0.3656164742058146,0.4813151501398384
E06-1015.xml,0.5186189146602559,0.3453052656745703,0.46402855290744405
J93-2006.xml,0.5964990747159927,0.3706907944727579,0.48178366871542266
W04-3111.xml,0.4154536133426754,0.41554992536741053,0.48892290719124276
P99-1032.xml,0.46995960477307136,0.37846371240134363,0.47233406337688466
C04-1081.xml,0.492093373436335,0.3907886303787331,0.4073327336630457
J01-4004.xml,0.4141311379188772,0.3717066475213958,0.42749231842918944
W96-0208.xml,0.5136284322174399,0.3477699357027481,0.4703138310724878
W07-2018.xml,0.4901737977955255,0.3472376366401257,0.3537740312118873
J97-2003.xml,0.4398299633069954,0.3364153552446527,0.467744884645228
W05-1506.xml,0.5728128769984756,0.3869594887319343,0.47481612240540794
P06-4020.xml,0.5985869853453306,0.4048230712024027,0.42448549316502554
J99-1003.xml,0.5584699029298774,0.36068705015313546,0.4782217069635375
P04-1054.xml,0.4198717428586191,0.38265690439403177,0.38005762273991767
C90-3052.xml,0.44767683424315685,0.3815037447565373,0.34099367646749834
N06-1058.xml,0.5905110132308063,0.3267930744897786,0.4809270241196101
P06-1109.xml,0.5513226078853831,0.3563726672363568,0.37387163728492606
P08-1064.xml,0.4726817214999079,0.3366289830311793,0.46431341779351676
J96-2004.xml,0.41646726090577574,0.3654558039135544,0.36899796457867784
N10-1056.xml,0.5302981202886489,0.2969333211602568,0.453665656656427
P00-1056.xml,0.5019587889932906,0.31728309699811363,0.4817098735894981
J00-4003.xml,0.5183329376326529,0.35647579795354534,0.4594441455330258
C04-1100.xml,0.4122671044673063,0.42712841517618566,0.49514397553369094
P98-1035.xml,0.4782863470268541,0.400231555294848,0.33922559172718075
P08-1090.xml,0.5668914390167112,0.3191777095571051,0.4226061644980489
P09-1116.xml,0.5681635145331767,0.29717705646816084,0.34466587129147375
P86-1031.xml,0.517958108877545,0.3827087419690231,0.4459636940887963
P94-1002.xml,0.5706056077786616,0.369032942131872,0.38544328857327315
P04-1053.xml,0.4446194151499056,0.36000984205482267,0.47979410931438626
W03-1719.xml,0.5949197631413864,0.3299918650162357,0.44876342257139057
W06-1651.xml,0.4818154500193783,0.4076333706494283,0.4642426668090941
N06-1056.xml,0.46577445746525836,0.3960431744522347,0.35246015445928125
W03-0404.xml,0.5430725344339709,0.29625784577490544,0.42297942757109763
W05-0904.xml,0.5273436867770963,0.3476469215493772,0.41407539988991804
C96-1005.xml,0.4069695867730735,0.38214230733783744,0.4737069416038051
A00-2004.xml,0.4427986171168251,0.378098780867876,0.4599452597730363
C90-3063.xml,0.5617491476523062,0.3513691686187101,0.3781652825387704
W06-1203.xml,0.5112594315673874,0.3560493399715097,0.4140861807004689
W06-3108.xml,0.42396167133193485,0.4191038978226804,0.35014611330176604
P97-1023.xml,0.47699260934010707,0.3649028906454602,0.3374231769253619
W03-1728.xml,0.5497244188041528,0.31493477483549215,0.45615320594164965
C94-2178.xml,0.5934810914446855,0.3424467730514923,0.47884607580803645
P00-1058.xml,0.4331930457119413,0.4139352923727392,0.33788852230068334
C92-1038.xml,0.4389693963357207,0.3898662881540301,0.41983951666837477
C90-3030.xml,0.43719060264648935,0.4259929424571324,0.3448706919781347
P04-1036.xml,0.4447962981720954,0.33631708176986597,0.44831823847537117
P07-1019.xml,0.4375362026702511,0.4031065361690275,0.42310384685795477
P03-1023.xml,0.5508351274415172,0.3906884288647078,0.49829762086594
P11-2008.xml,0.5833170260160638,0.3766294769787863,0.38754947587137545
P08-2026.xml,0.5614876518511034,0.40214799219609426,0.45128050888255883
I08-1059.xml,0.4695154699732857,0.2899596308774792,0.36036088225887825
W00-1308.xml,0.4454154649729935,0.32682694514369537,0.4984994244238913
W95-0105.xml,0.5703842198270711,0.38880590473424637,0.4674621258411027
C02-2025.xml,0.5393888987670534,0.4080661902849081,0.41903370520188393
D07-1043.xml,0.4474952125604017,0.34913450476338614,0.4644191265943261
N09-1025.xml,0.5659680417659132,0.375508076125535,0.38948790078555096
I05-3025.xml,0.4419257416677781,0.4052877419188863,0.42702758984967804
J94-4003.xml,0.5130302213323767,0.29127266084104364,0.38901488786861466
P03-1012.xml,0.5237990035941305,0.3098079361238564,0.42887306650810175
W08-2121.xml,0.5962776910160854,0.4213789881596527,0.3973547751171941
P07-1028.xml,0.4187221199718573,0.33492891877731884,0.4701907877452032
P08-1030.xml,0.5596703222119926,0.4068031540884237,0.41487746732444714
D09-1127.xml,0.41371974110319687,0.4012590747512467,0.49443326549970645
D07-1072.xml,0.4899136341489383,0.3509087718696373,0.44267042773518134
N01-1021.xml,0.42574748018433417,0.29794755634953884,0.4102704267658608
C96-1058.xml,0.5461576696167082,0.3386207815687095,0.43697795768128866
N06-2013.xml,0.5148962284634565,0.2895042397007356,0.46692117986865445
P11-1019.xml,0.5091283671236514,0.39288323750468096,0.41964430889378046
J02-2003.xml,0.4226760362006652,0.3273296995830818,0.43459709251835704
J94-4004.xml,0.4685619368813837,0.36731760259876944,0.42139645596999714
N01-1026.xml,0.5775808633912152,0.29180515412247254,0.45808983628556094
N06-1033.xml,0.5271638217024714,0.33031042872065947,0.37936057335733586
P97-1041.xml,0.4464933815122221,0.3874370084644894,0.41307594727831
D09-1120.xml,0.4993894289043187,0.34102382542074383,0.4262715113815093
W04-3205.xml,0.5261581604437451,0.4157171119665507,0.37693399223507845
J97-3003.xml,0.42778011187414355,0.4045626366614667,0.49101760061794214
P06-1101.xml,0.4182074628840087,0.3333183351011514,0.38552175867120064
P07-1073.xml,0.5441113778975939,0.3153197098004258,0.450635939330783
D08-1031.xml,0.5103821392765796,0.39616265272759,0.4065090070147789
C08-1107.xml,0.5542277345217028,0.3118510334880885,0.3473724913321429
P85-1011.xml,0.4062909502518148,0.366360045497755,0.4893347941993679
D08-1036.xml,0.47147533496011934,0.4056438026999019,0.35870487263738915
N10-1061.xml,0.5926186943280732,0.36800503739063906,0.45153272023931185
W03-0405.xml,0.4635712554438918,0.366491269076624,0.34686314238809773
P93-1020.xml,0.5499825026392733,0.3135605330204894,0.35433785216885455
P03-1071.xml,0.4124904166382628,0.4209878436189041,0.4589433859556359
P98-1034.xml,0.5591290978824146,0.3327767166504296,0.4986481518747369
N09-1046.xml,0.402974132826351,0.29782683887510875,0.4940254559687097
W02-2024.xml,0.4378038692489259,0.3101224081611487,0.44135967302620266
P97-1013.xml,0.5745535697403549,0.391746135045529,0.35905492043408965
C08-1109.xml,0.5333121393778733,0.3213363668821125,0.4310466455906543
N04-4015.xml,0.586347284716181,0.35013729729959137,0.42757141054473413
P93-1016.xml,0.5084440098446978,0.35203179512796123,0.4360968237875674
J03-3005.xml,0.5121974131874734,0.3159503789303074,0.49986380218110904
W97-0209.xml,0.5011970119754685,0.4150271115685879,0.4626796029681624
P89-1010.xml,0.4394983542697226,0.42022713469660955,0.48985204861797693
J00-4005.xml,0.5086265923000447,0.3552714520167013,0.43350008110726757
J88-2006.xml,0.4075795491867383,0.3685315041558489,0.3634485793015601
W04-3250.xml,0.4843006597978824,0.2866418262908672,0.39266280679876986
N09-1041.xml,0.5953783383307476,0.3007556907371571,0.40008308600257503
P85-1018.xml,0.5085327163970733,0.4186583848964952,0.35914239205317783
J03-3002.xml,0.4804697440496851,0.3051191954431291,0.36119648103606417
P05-3026.xml,0.5234844639141302,0.35310700623389724,0.41071765995629617
A00-2034.xml,0.5540549317820385,0.33547488335086467,0.45752654126357617
D07-1074.xml,0.40317777454579096,0.33032021089918817,0.4355575647203651
J97-3002.xml,0.5469100059319865,0.38963825574856653,0.4965531044863404
P08-1036.xml,0.45381329918357133,0.296143901269999,0.4059961323088345
N06-2015.xml,0.4173537660951552,0.407047101944812,0.44691804175391914
D07-1080.xml,0.5182194600469444,0.35739677285191296,0.4380518647466109
J94-4002.xml,0.5559772527267949,0.31719899886191166,0.4084760518210381
A97-1004.xml,0.5287380275088436,0.3993814046776611,0.49166774379214156
P03-1013.xml,0.45654049309254097,0.4259495792537892,0.49963176480334204
P11-1020.xml,0.4034848756615282,0.40348271808236635,0.4573520179232466
N01-1020.xml,0.5446551986247445,0.4092840367091013,0.3718877324053839
N09-1012.xml,0.5820281759283613,0.40025316656923426,0.41744915019632534
P98-1069.xml,0.5902788688267859,0.3162217557134486,0.4567018976736811
W11-2107.xml,0.4817039804188158,0.41215028500172135,0.4661777280320137
W95-0103.xml,0.4359752133722991,0.300658441004213,0.35929141132702364
P11-1016.xml,0.5286039291296358,0.34054686743304446,0.4036577782664743
J98-4003.xml,0.4135095023114493,0.39776817842560463,0.3611107430275
N01-1016.xml,0.580790374150579,0.38410692553983267,0.41836316140278584
C04-1197.xml,0.4917778646478369,0.30251404751423994,0.5044419181589548
N06-1003.xml,0.5039923642346831,0.33979874178594976,0.33751764452454397
P11-2031.xml,0.496075779585673,0.31825350942286823,0.36663087736441374
P03-1022.xml,0.5283127922961276,0.3553655446515301,0.4606744500893395
N09-2004.xml,0.5492444033933218,0.29048123289135536,0.4563850695575647
C10-2028.xml,0.4557811637338627,0.31195215715799207,0.3772167157585029
J98-4004.xml,0.5279065284279885,0.29824293418484166,0.35529066392222625
N01-1011.xml,0.44068939194202184,0.3717468383034314,0.4388620265970057
W95-0104.xml,0.4358642732724246,0.34520693882348835,0.45185460260569577
D08-1065.xml,0.44072656243480207,0.33765021886753754,0.37681150582414547
P00-1010.xml,0.5179431991359883,0.3624382878900593,0.4350687454743196
C04-1146.xml,0.5559161501103643,0.4154567652364306,0.4781971639894032
D10-1124.xml,0.40238863723930746,0.35732027610283706,0.43088434545301835
P07-1005.xml,0.5367999420967421,0.392953415224926,0.45906247524544486
P04-1015.xml,0.41221370835548277,0.41441633987860044,0.4763996927071247
W11-1901.xml,0.48492870108405495,0.31399052203172717,0.472493990554256
P10-1146.xml,0.584048603597475,0.3633195915055125,0.4581283979198052
J01-2001.xml,0.4718463257343097,0.33631545517986017,0.36208565223787337
C00-2163.xml,0.5946378555274093,0.3634389412190587,0.49500327671021127
W01-0511.xml,0.5087985864144227,0.3650333687832424,0.49986655967372035
W01-1605.xml,0.5038125607070616,0.3135165268673836,0.3467776181526664
J94-3001.xml,0.5197253874428346,0.367704062303082,0.4167574795405689
D08-1076.xml,0.4909783430337533,0.3401480735670793,0.43760830492861325
C92-2066.xml,0.5486770438120101,0.4044156005916957,0.4978678170237452
P07-1034.xml,0.486023117906506,0.41064531879149074,0.42351954504966915
D10-1115.xml,0.4847950110196061,0.319948812184487,0.38314310852401356
D08-1082.xml,0.4243954659064836,0.37654939731890125,0.429559287260331
A94-1009.xml,0.4209900696366206,0.4053835407723386,0.4676760422716636
W08-2102.xml,0.5784906369342998,0.4158906847513757,0.4521863364788655
P03-1009.xml,0.575770600343052,0.4079825524861461,0.34662604456026413
N09-1037.xml,0.5335400312288356,0.29381468803001737,0.4440825986426137
E89-1037.xml,0.5443000187434041,0.3567118940605864,0.33741427556704057
N10-1019.xml,0.5789493124897809,0.401652850171048,0.44918996350832624
W04-3219.xml,0.4149078895055107,0.3168999277914293,0.43332379073838323
P97-1009.xml,0.5799717978190086,0.3651270105200569,0.34852185408586217
A00-1031.xml,0.43833902938867325,0.3923544686295667,0.49740569719025746
P04-1083.xml,0.47602868036795215,0.3395739171793257,0.4431801973340767
P04-1077.xml,0.44636070292705965,0.3014983548935209,0.4007411856198184
P98-2204.xml,0.5880812533551525,0.3812990488411756,0.47846558014141205
W98-1118.xml,0.5712469650812757,0.338383778269873,0.4954281093125843
P06-1115.xml,0.5331434413600704,0.3519247566372267,0.4039446270636541
D07-1002.xml,0.5988259126616873,0.4272237835522564,0.4498444296177113
P94-1019.xml,0.4142336628360002,0.40819231299729986,0.3419946326845113
J88-1003.xml,0.4776667256290851,0.37667774540687476,0.4137498416688253
P98-1029.xml,0.5628922351969201,0.38232354965310067,0.3394581252773646
W03-1508.xml,0.48462869137215475,0.3497812986835823,0.39196540007224645
C08-1114.xml,0.46372108388857847,0.38320120412070374,0.47575657117288206
D08-1022.xml,0.45142032320364306,0.38127811921901933,0.36810645025339395
W02-1021.xml,0.5940836562148546,0.3567172326434964,0.4239570796359381
D11-1033.xml,0.5519518730089652,0.4030393448222628,0.34797476435184005
P07-1094.xml,0.48468706009415263,0.2947060938663593,0.5024838633125337
H93-1051.xml,0.5162629765382931,0.3083136837370518,0.42757138643583403
C00-2137.xml,0.5676070014362028,0.3208045348039067,0.41654330704133774
P93-1002.xml,0.41852918524360055,0.34178893444875713,0.41767549789040115
W02-1028.xml,0.5265982047729834,0.4246739286328419,0.44663127763246785
D09-1159.xml,0.47603419590104984,0.3314574744988481,0.41604159246059846
P11-1060.xml,0.5665244628252326,0.35502323054579377,0.4132412649092235
A00-2018.xml,0.43630084015621473,0.42067900468733493,0.4707066755592769
P07-1056.xml,0.49716491331259527,0.3964433182778624,0.3415541793672759
P08-1085.xml,0.4589357920888262,0.32666064224622327,0.3791352982386247
D08-1014.xml,0.5906779836659539,0.40233519541538826,0.43268332303581647
P06-1124.xml,0.4997604776199755,0.3528823256139784,0.4294972900727153
W06-0301.xml,0.48331721567874,0.39132116124249755,0.35886610296815924
P03-1054.xml,0.5558311116760897,0.4235984650836501,0.44966118045564063
P93-1005.xml,0.4276336292372817,0.3752829150137444,0.4490203263735457
W02-0109.xml,0.5728775024972995,0.4094191639512451,0.4472698217036649
W06-3114.xml,0.49069317188954786,0.41054160179540344,0.4504291404132254
C96-1021.xml,0.4135383935508515,0.30656886252179316,0.3594197456137259
P04-1041.xml,0.5204469131480697,0.36611295895408824,0.4503279741955552
P06-1123.xml,0.4416749607469152,0.377589553589541,0.3777979759229889
P08-1076.xml,0.5748316638774773,0.3803405802182165,0.3755146006566505
E03-1005.xml,0.5057454983285802,0.3228977580388193,0.48903747086335436
P09-1104.xml,0.5347214764344215,0.3171210217029098,0.4120758503714154
J07-4004.xml,0.5533612739915668,0.30096982217647955,0.4158953165156205
P07-1032.xml,0.43842858680712943,0.3919401849995221,0.3786095101686611
N09-1036.xml,0.4146248704274821,0.40606362419121506,0.44510482557326303
P97-1063.xml,0.4388314863972439,0.31557132731301796,0.400728569434234
J06-1003.xml,0.5473837153308735,0.3289251156203751,0.4666004225601284
N06-1011.xml,0.5498120838180571,0.35713277292964124,0.491916380117558
P00-1027.xml,0.45732044980195935,0.41058225154302963,0.3831891952442866
E89-1009.xml,0.5553646236795862,0.29526599792038033,0.45012171776696386
N09-1009.xml,0.43391017628216827,0.38909858444633727,0.4249396078285631
W01-0521.xml,0.49745104612840313,0.3369078832581263,0.503101657812465
H94-1020.xml,0.4195101224378288,0.36854985528104023,0.39054209228275766
N10-1020.xml,0.4973290439934618,0.3839884302578343,0.35360381331143237
P08-1012.xml,0.570142453145868,0.29182267434062015,0.49966023153802885
D08-1083.xml,0.4887887002256638,0.32081776291114206,0.3801013706106914
C02-1011.xml,0.49794078927954094,0.3076129627092884,0.48119977062105257
C10-2005.xml,0.4814798700021742,0.3963793655906237,0.42027410249168945
N13-1039.xml,0.542500917968584,0.3617904193577479,0.4772776841802061
P08-1024.xml,0.5445269552766155,0.30966392658743613,0.42489466753397326
P00-1016.xml,0.40575431103756904,0.34253457987078906,0.4370648709377587
P98-1081.xml,0.40896676491304224,0.3789863316229625,0.37505032908574854
N06-1020.xml,0.46017376018198464,0.324986187406088,0.4470662426535873
P07-1003.xml,0.4868763341705946,0.42707838103671303,0.4779282121419316
W10-0701.xml,0.5656961694418908,0.3753829333285946,0.48197595959025996
A97-1011.xml,0.42367753977904027,0.3045104369953136,0.48116223192365193
P04-1013.xml,0.5878345826262903,0.38854791052877774,0.40065903710304535
P07-1004.xml,0.44438079096954053,0.2998003253664375,0.3585863458471134
D10-1125.xml,0.5975928705370886,0.4103663999316989,0.4893903118367784
D07-1061.xml,0.5627718958750193,0.31673768607663977,0.4255576816050505
A97-1029.xml,0.5869047296078743,0.41753590004903485,0.4074629363174365
A94-1006.xml,0.5950673586531634,0.41251237850869427,0.350793251023226
P08-1023.xml,0.5464305096673393,0.4237552429771068,0.45097050490428314
W04-0807.xml,0.5249585077220815,0.3347518647058611,0.4088311494439289
W06-1616.xml,0.4283167421333336,0.39467882353678096,0.4588201472995178
W11-2123.xml,0.5548941102721092,0.3091533282839877,0.34439975714894416
P03-2026.xml,0.43722436602114345,0.3278346805768572,0.35687518114701267
P04-1014.xml,0.5421941585421912,0.4240011257560973,0.39045325007430165
P03-1001.xml,0.4020855851555546,0.3561837563838034,0.3518905501323548
W06-1642.xml,0.41219881422801885,0.307865353970026,0.36867486109284653
J04-3002.xml,0.5754788221959712,0.35141499845799384,0.497812041228857
N04-4038.xml,0.5538913113543399,0.3222952295834738,0.40618841200996714
W02-1011.xml,0.5410686549975493,0.3235705972622601,0.3558395379736862
P10-4002.xml,0.4692853838304982,0.3290930587242136,0.38352431508353757
C92-1025.xml,0.5694718464183367,0.39936246063728253,0.45434859507167474
W03-0419.xml,0.580785986426648,0.34820483707370803,0.3804319947729962
P93-1003.xml,0.4212999649190622,0.40258706310572245,0.4352234001811728
C00-2136.xml,0.45255584614041927,0.40770969453782485,0.40665445404175227
A00-2026.xml,0.42289377741049305,0.32275085537260007,0.43983876631990043
P89-1002.xml,0.5159730366505171,0.3362060301201894,0.3709775411831597
A00-2019.xml,0.5709424823115514,0.35379119720708835,0.39636918119928183
P11-1061.xml,0.5564155928177557,0.32424440120832165,0.4300019838726841
P08-1084.xml,0.5703181764596966,0.37418293603598085,0.37896599199400544
P04-1085.xml,0.5888749184774812,0.4071408035745869,0.350715709783142
J92-1004.xml,0.5501291854352361,0.3216403724030238,0.4862254327920156
P94-1020.xml,0.5213826251574991,0.35668841619964253,0.39698478930863307
P93-1035.xml,0.4968054073818058,0.3713524029887103,0.35248846100169984
N13-1090.xml,0.4689730145209159,0.42807539708237297,0.4130102445519339
J96-1001.xml,0.592690490031496,0.35925719030139014,0.4699582277338297
H93-1061.xml,0.48511760139788074,0.31934501340673405,0.4234969965044181
P07-1059.xml,0.45360101686401905,0.3308122673421444,0.3496626801597381
W02-0902.xml,0.4248104115421544,0.42766487757823735,0.369358308019187
P93-1032.xml,0.558422164827431,0.3766768657436508,0.49552351957549945
W02-1018.xml,0.5700806136345049,0.41653562713920506,0.41411156472111643
W03-0428.xml,0.5174561807451254,0.3334683820720526,0.48363184758263766
P98-1010.xml,0.504013378178807,0.2966283419145826,0.3665812133303097
D08-1024.xml,0.4460849816986331,0.29307506970324404,0.49511870260238305
W98-1119.xml,0.5207848960549617,0.3943730090363956,0.38809940984349717
P06-1114.xml,0.5906098211304528,0.29468022852682324,0.3374836797486715
P07-1092.xml,0.5104210686853268,0.41260219502084616,0.3693796364491244
D07-1003.xml,0.5316745605435775,0.3486763960375414,0.4796656176767026
P06-1066.xml,0.4381707079202076,0.3411080509797866,0.3864998598116631
P91-1022.xml,0.44215660348851044,0.34641556805002766,0.3924934117068534
J09-3003.xml,0.5144877206250023,0.2999306968665166,0.4390236770399287
W97-0703.xml,0.5349113123089596,0.3910074561547783,0.502714502303402
C88-2147.xml,0.45052665344363924,0.3818865266418554,0.3601894534340856
P92-1032.xml,0.5994068064323839,0.3467546936991103,0.4351516925071288
J93-1003.xml,0.4636901188037579,0.315826385627229,0.44455919775163416
P96-1008.xml,0.42061719890089316,0.33365815518034714,0.34339277941700935
P06-1095.xml,0.4673130425401857,0.3567060481872403,0.47643093025162325
W12-3102.xml,0.44091870996420224,0.4090548584658545,0.3569440243378453
J98-2001.xml,0.4128301210524333,0.38245943095223434,0.435041752253884
W09-0432.xml,0.48187443508705274,0.4135908279816103,0.4870776740319377
J93-1004.xml,0.5532420937567784,0.38023997123943465,0.4938558467511318
W07-2002.xml,0.5402105117377071,0.4182621102473718,0.3396822221500672
P05-1071.xml,0.42198569343680203,0.4078721977540842,0.3530975750565431
P98-2180.xml,0.4377344408179574,0.32221018795626793,0.3949863122031787
P96-1006.xml,0.5318861102929348,0.3546409273748719,0.481099133017512
P07-1125.xml,0.5293921967908483,0.38041125803730963,0.4769271931599389
P08-1102.xml,0.5903627972682749,0.35050047001304596,0.3852839312864779
C04-1059.xml,0.4614983711111122,0.369879594429263,0.38535325481578436
P83-1020.xml,0.4106918265165126,0.3008334038480568,0.47954337007481984
N12-1052.xml,0.40416483023131455,0.28932395085344687,0.4677401281359357
I05-2038.xml,0.4521951036625776,0.4114702566432346,0.45178262421535226
P05-1047.xml,0.4673504874591804,0.4125620900495433,0.431749535688807
P98-2173.xml,0.5107164103328257,0.3282618678485055,0.35358332273976634
P87-1022.xml,0.49589876796460564,0.39739959745076314,0.47356159319315516
J90-2002.xml,0.47673587977484555,0.42058507440041554,0.35077033130407764
W03-1011.xml,0.513738468702512,0.376429156627349,0.4498950057369342
P09-1077.xml,0.5185540675637509,0.3095474704691228,0.3776138192534168
P10-2041.xml,0.5588502264326648,0.3799963982497299,0.46649134625122823
J05-3002.xml,0.5473169725753907,0.36880124647377677,0.48163406398721054
C02-1139.xml,0.5061567629765472,0.3162622133977274,0.41376390741592795
W03-1812.xml,0.43687586967365605,0.37081284108178736,0.411459749102017
E99-1023.xml,0.46371813488877667,0.316479057773969,0.45112808478400285
N03-1022.xml,0.5884595180536821,0.3368033675917065,0.4745008277029349
P02-1001.xml,0.41032123799319026,0.346471581543855,0.4507419080079205
N07-1018.xml,0.43261851486966013,0.39267418063487847,0.44328181914898557
P98-2127.xml,0.4017113085886627,0.363341490041365,0.34016249804503595
P06-1004.xml,0.4676255407612699,0.31776495440899116,0.4844073424937546
D11-1125.xml,0.577998260801005,0.35188545292087725,0.4438243321943868
P09-2004.xml,0.5603032951261057,0.3653145654716941,0.4557875079885786
N03-2002.xml,0.5311613804379497,0.3529757445839978,0.34360150797998246
W06-3808.xml,0.5341621575258506,0.4129288585289935,0.4405459154729362
N04-1030.xml,0.5259269318168984,0.40877551321659616,0.36905578944002465
P02-1006.xml,0.46945768989106046,0.38048552997271934,0.4541216841484204
P05-1013.xml,0.5408629305073842,0.3577498898123991,0.435286232069091
W97-0302.xml,0.5851587589801348,0.3238617606641529,0.3565160253450629
P02-1039.xml,0.470981034319312,0.41678272283658946,0.48692272338727427
C04-1200.xml,0.4589598299392894,0.31087489601627344,0.4509596248143274
D07-1114.xml,0.47583773108131583,0.33516707641508375,0.4064386150522769
N07-1029.xml,0.4967440544503771,0.3263254457138936,0.5005598004072036
J99-3001.xml,0.4406132033500744,0.2962134646398764,0.4262835517997085
P05-1022.xml,0.5759086798002307,0.3684553096724267,0.35180964509247875
N03-1014.xml,0.44659966795493805,0.30500664812006373,0.3706870219431258
N04-1001.xml,0.5704574778302967,0.33611508937529433,0.3772158049496854
P06-1032.xml,0.5685200465766669,0.3485882853127527,0.38801989230198575
W06-2920.xml,0.46835154683746266,0.2987745767368637,0.4426677785889269
N07-1011.xml,0.5064782857134607,0.42417117213246647,0.4457098586549447
P83-1019.xml,0.5399911977120457,0.30126494953584937,0.4186855455334313
P07-1123.xml,0.46002665883525307,0.4235375383489042,0.4531578151770249
W05-1513.xml,0.418615603975242,0.2865071481722851,0.4819964112266052
P92-1005.xml,0.5316759487417188,0.4261021141753121,0.4480018487633013
H05-1012.xml,0.43318746426690563,0.38182216217474685,0.39848411855099986
E06-1038.xml,0.4535978128205898,0.3323511337958055,0.49698517734325287
W04-3103.xml,0.515084809729819,0.42475166057199387,0.3387182763758942
W03-1017.xml,0.4655923333431641,0.2877007885931325,0.3782280443863358
J01-3001.xml,0.438432556610733,0.38984438722162734,0.4260164442595276
P83-1021.xml,0.40531388436412186,0.42906859663529845,0.46013760553746386
J94-2001.xml,0.4181632244764867,0.3043090167794854,0.3739292016786334
W03-1028.xml,0.4092446771330476,0.365836533924035,0.4738604487407028
P02-1053.xml,0.39992468521063973,0.3161217324501942,0.40050287103186755
P96-1038.xml,0.4993331054471843,0.3690614203377218,0.5018414634154857
P98-2143.xml,0.4430965926338308,0.42608825791803306,0.41069471835983945
D11-1141.xml,0.4499221457230978,0.4169692493893258,0.451905072809877
P99-1016.xml,0.4431753242259859,0.29122767426933416,0.3430158412372398
C04-1051.xml,0.44117936450905554,0.4107669040959967,0.3700468340479483
E06-1031.xml,0.42048570259598395,0.3343953264277993,0.3735133621572245
J93-1005.xml,0.515714447131281,0.33701939475328674,0.3467263398921359
W06-3601.xml,0.47138854571976996,0.3696659584301548,0.3490217730701969
W96-0213.xml,0.5827497804321677,0.4283068598990398,0.4190001975028602
P95-1021.xml,0.42808732199027105,0.3531275234620056,0.43309718863880964
P09-1040.xml,0.41624657134107657,0.29671635691297277,0.38735695157805383
P06-1067.xml,0.585028005418738,0.42641288758621654,0.4478315471547811
P87-1015.xml,0.5538442187286303,0.290680278735033,0.42482404068287494
P91-1023.xml,0.5778280699542959,0.31559138603925263,0.3653413547822147
W96-0214.xml,0.42528160820967786,0.37706702319179236,0.34907551559673894
P95-1026.xml,0.5193617132014933,0.3382168158314032,0.3861794023823657
P02-1062.xml,0.5335714282670471,0.3124973721066442,0.4487935136138411
J93-1002.xml,0.5247155831639347,0.416408094175102,0.3385493124921543
P05-1077.xml,0.4218413929879271,0.4275389057207316,0.34207255964053795
P01-1019.xml,0.49782199349826656,0.37025294744423387,0.35348360510687454
C00-1007.xml,0.4386930353405522,0.3527109251575469,0.3432615321651664
W00-0712.xml,0.5262704098214125,0.3646372024536442,0.3947102630746201
J08-2002.xml,0.49247902626810847,0.34942347307363764,0.381242450972491
P06-2014.xml,0.5421563623354677,0.35156464612548477,0.4225385690028161
W99-0604.xml,0.5182181155430542,0.299724801535588,0.3555904573002226
P02-1031.xml,0.5168547032766928,0.3706492932955806,0.3424741215958611
W00-1401.xml,0.5747150006790755,0.38829825285306735,0.4636857944429268
P99-1042.xml,0.43752976607941196,0.3375957430318586,0.44107176691681044
J08-2005.xml,0.5727185184059593,0.3271818714263814,0.4811338186176978
D12-1133.xml,0.47467116772779905,0.2862823449226408,0.3536405224935588
N03-1024.xml,0.43457392085077734,0.3297430046268944,0.4689669585513944
W01-1313.xml,0.41101623634924067,0.3009965512159503,0.3752193003440939
P05-1012.xml,0.41482459253721243,0.3337150359957119,0.4804707753687105
J92-4003.xml,0.41215407767105694,0.2889597665504689,0.3653010580570269
W03-0501.xml,0.539895681074776,0.3772524643194555,0.3645033992781452
P02-1038.xml,0.5110350436632934,0.3191063759101786,0.5001019303163466
P01-1017.xml,0.5829707830159564,0.3683107406283213,0.4519116669451886
P98-1106.xml,0.5255377959953285,0.33100411228599147,0.4014144087256489
P05-1015.xml,0.5337131782690557,0.39357898944325076,0.40675700595126524
J04-2003.xml,0.5628837675922915,0.3108106152334435,0.39292004900357075
W93-0301.xml,0.5236115171237303,0.3824136173576462,0.440189258596415
P06-1005.xml,0.5551513967120518,0.3819088010109761,0.41280865422851837
H05-1079.xml,0.43974512353141404,0.36435860134758247,0.388746980959994
W97-0109.xml,0.41751960603970134,0.37440672483051896,0.39576231168912357
